<T3DataStructure>
        <meta>
                <langDisable>1</langDisable>
        </meta>
        <sheets>
                <basics>
                    <ROOT>
                        <TCEforms>
                                <sheetTitle>LLL:EXT:dr_colormixture/Resources/Private/Language/locallang.xlf:tx_dr_colormixture_ctr.flexformEdit.sheet.1</sheetTitle>
                                <sheetDescription>LLL:EXT:dr_colormixture/Resources/Private/Language/locallang.xlf:tx_dr_colormixture_ctr.flexformEdit.sheet_description.1</sheetDescription>
                        </TCEforms>
                        <type>array</type>
                        <el>
                        </el>
                    </ROOT>
                </basics>
                <position>
                    <ROOT>
                        <TCEforms>
                                <sheetTitle>LLL:EXT:dr_colormixture/Resources/Private/Language/locallang.xlf:tx_dr_colormixture_ctr.flexformEdit.sheet.2</sheetTitle>
                                <sheetDescription>LLL:EXT:dr_colormixture/Resources/Private/Language/locallang.xlf:tx_dr_colormixture_ctr.flexformEdit.sheet_description.2</sheetDescription>
                                <sheetShortDescr>LLL:EXT:dr_colormixture/Resources/Private/Language/locallang.xlf:tx_dr_colormixture_ctr.flexformEdit.sheet_shortdescription.2</sheetShortDescr>
                        </TCEforms>
                        <type>array</type>
                        <el>
                            <settings.size>
                                <TCEforms>
                                        <label>LLL:EXT:dr_colormixture/Resources/Private/Language/locallang.xlf:tx_dr_colormixture_ctr.flexformEdit.size</label>
                                        <config>
                                                <type>input</type>
                                                <eval>int</eval>
                                                <size>3</size>
                                                <placeholder>10 ... 1500</placeholder>
                                                <range>
                                                    <lower> 10 </lower>
                                                    <upper> 1500 </upper>
                                                </range>                                              
                                                <default>300</default>
                                        </config>
                                </TCEforms>
                            </settings.size>
                            <settings.order_clockwhise>
                                <TCEforms>
                                        <label>LLL:EXT:dr_colormixture/Resources/Private/Language/locallang.xlf:tx_dr_colormixture_ctr.flexformEdit.order_clockwhise</label>
                                        <config>
                                                <type>check</type>
                                                <value>1</value>
                                        </config>
                                </TCEforms>
                            </settings.order_clockwhise>
                            <settings.turnimage>
                                <TCEforms>
                                        <label>LLL:EXT:dr_colormixture/Resources/Private/Language/locallang.xlf:tx_dr_colormixture_ctr.flexformEdit.turnimage</label>
                                        <config>
                                                <type>select</type>
                                                <default>0</default>
                                                <items type="array">
                                                        <numIndex index="0" type="array">
                                                                <numIndex index="0">LLL:EXT:dr_colormixture/Resources/Private/Language/locallang.xlf:tx_dr_colormixture_ctr.flexformEdit.turnimage.opt.0</numIndex>
                                                                <numIndex index="1">0</numIndex>
                                                        </numIndex>
                                                        <numIndex index="2" type="array">
                                                                <numIndex index="0">LLL:EXT:dr_colormixture/Resources/Private/Language/locallang.xlf:tx_dr_colormixture_ctr.flexformEdit.turnimage.opt.2</numIndex>
                                                                <numIndex index="1">60</numIndex>
                                                        </numIndex>
                                                        <numIndex index="4" type="array">
                                                                <numIndex index="0">LLL:EXT:dr_colormixture/Resources/Private/Language/locallang.xlf:tx_dr_colormixture_ctr.flexformEdit.turnimage.opt.4</numIndex>
                                                                <numIndex index="1">120</numIndex>
                                                        </numIndex>
                                                        <numIndex index="6" type="array">
                                                                <numIndex index="0">LLL:EXT:dr_colormixture/Resources/Private/Language/locallang.xlf:tx_dr_colormixture_ctr.flexformEdit.turnimage.opt.6</numIndex>
                                                                <numIndex index="1">180</numIndex>
                                                        </numIndex>
                                                        <numIndex index="8" type="array">
                                                                <numIndex index="0">LLL:EXT:dr_colormixture/Resources/Private/Language/locallang.xlf:tx_dr_colormixture_ctr.flexformEdit.turnimage.opt.8</numIndex>
                                                                <numIndex index="1">240</numIndex>
                                                        </numIndex>
                                                        <numIndex index="10" type="array">
                                                                <numIndex index="0">LLL:EXT:dr_colormixture/Resources/Private/Language/locallang.xlf:tx_dr_colormixture_ctr.flexformEdit.turnimage.opt.10</numIndex>
                                                                <numIndex index="1">300</numIndex>
                                                        </numIndex>
                                                </items>
                                        </config>
                                </TCEforms>
                            </settings.turnimage>
                            <settings.order>
                                <TCEforms>
                                        <label>LLL:EXT:dr_colormixture/Resources/Private/Language/locallang.xlf:tx_dr_colormixture_ctr.flexformEdit.order.label</label>
                                        <config>
                                                <type>select</type>
                                                <default>0</default>
                                                <items type="array">
                                                        <numIndex index="0" type="array">
                                                                <numIndex index="0">LLL:EXT:dr_colormixture/Resources/Private/Language/locallang.xlf:tx_dr_colormixture_ctr.flexformEdit.order.opt.0</numIndex>
                                                                <numIndex index="1">0</numIndex>
                                                        </numIndex>
                                                        <numIndex index="1" type="array">
                                                                <numIndex index="0">LLL:EXT:dr_colormixture/Resources/Private/Language/locallang.xlf:tx_dr_colormixture_ctr.flexformEdit.order.opt.60</numIndex>
                                                                <numIndex index="1">60</numIndex>
                                                        </numIndex>
                                                        <numIndex index="2" type="array">
                                                                <numIndex index="0">LLL:EXT:dr_colormixture/Resources/Private/Language/locallang.xlf:tx_dr_colormixture_ctr.flexformEdit.order.opt.120</numIndex>
                                                                <numIndex index="1">120</numIndex>
                                                        </numIndex>
                                                        <numIndex index="3" type="array">
                                                                <numIndex index="0">LLL:EXT:dr_colormixture/Resources/Private/Language/locallang.xlf:tx_dr_colormixture_ctr.flexformEdit.order.opt.180</numIndex>
                                                                <numIndex index="1">180</numIndex>
                                                        </numIndex>
                                                        <numIndex index="4" type="array">
                                                                <numIndex index="0">LLL:EXT:dr_colormixture/Resources/Private/Language/locallang.xlf:tx_dr_colormixture_ctr.flexformEdit.order.opt.240</numIndex>
                                                                <numIndex index="1">240</numIndex>
                                                        </numIndex>
                                                        <numIndex index="5" type="array">
                                                                <numIndex index="0">LLL:EXT:dr_colormixture/Resources/Private/Language/locallang.xlf:tx_dr_colormixture_ctr.flexformEdit.order.opt.300</numIndex>
                                                                <numIndex index="1">300</numIndex>
                                                        </numIndex>
                                                </items>
                                        </config>
                                </TCEforms>
                            </settings.order>
                            <settings.target>
                                <TCEforms>
                                        <label>LLL:EXT:dr_colormixture/Resources/Private/Language/locallang.xlf:tx_dr_colormixture_ctr.flexformEdit.target</label>
                                        <onChange>reload</onChange>
                                        <config>
                                            <type>group</type>
                                            <internal_type>db</internal_type>
                                            <allowed>tt_content</allowed>
                                            <size>1</size>
                                            <maxitems>1</maxitems>
                                            <minitems>0</minitems>
                                            <show_thumbs>0</show_thumbs>
                                        </config>
                                </TCEforms>
                            </settings.target>
                            <settings.hideme>
                                <TCEforms>
                                        <label>LLL:EXT:dr_colormixture/Resources/Private/Language/locallang.xlf:tx_dr_colormixture_ctr.flexformEdit.hideme</label>
                                        <displayCond>FIELD:settings.target:REQ:true</displayCond>
                                        <config>
                                                <type>check</type>
                                                <value>1</value>
                                        </config>
                                </TCEforms>
                            </settings.hideme>
                        </el>
                    </ROOT>
                </position>
                <colors>
                    <ROOT>
                        <TCEforms>
                                <sheetTitle>LLL:EXT:dr_colormixture/Resources/Private/Language/locallang.xlf:tx_dr_colormixture_ctr.flexformEdit.sheet.3</sheetTitle>
                                <sheetDescription>LLL:EXT:dr_colormixture/Resources/Private/Language/locallang.xlf:tx_dr_colormixture_ctr.flexformEdit.sheet_description.3</sheetDescription>
                                <sheetShortDescr>LLL:EXT:dr_colormixture/Resources/Private/Language/locallang.xlf:tx_dr_colormixture_ctr.flexformEdit.sheet_shortdescription.3</sheetShortDescr>
                        </TCEforms>
                        <type>array</type>
                        <el>
                            <settings.startcolors>
                                <TCEforms>
                                        <label>LLL:EXT:dr_colormixture/Resources/Private/Language/locallang.xlf:tx_dr_colormixture_ctr.flexformEdit.startcolors.label</label>
                                        <config>
                                                <type>select</type>
                                                <default>0</default>
                                                <items type="array">
                                                        <numIndex index="0" type="array">
                                                                <numIndex index="0">LLL:EXT:dr_colormixture/Resources/Private/Language/locallang.xlf:tx_dr_colormixture_ctr.flexformEdit.startcolors.opt.0</numIndex>
                                                                <numIndex index="1">0</numIndex>
                                                        </numIndex>
                                                        <numIndex index="1" type="array">
                                                                <numIndex index="0">LLL:EXT:dr_colormixture/Resources/Private/Language/locallang.xlf:tx_dr_colormixture_ctr.flexformEdit.startcolors.opt.1</numIndex>
                                                                <numIndex index="1">1</numIndex>
                                                        </numIndex>
                                                </items>
                                        </config>
                                </TCEforms>
                            </settings.startcolors>
                            
                            <settings.startvalue.1>
                                <TCEforms>
                                        <label>LLL:EXT:dr_colormixture/Resources/Private/Language/locallang.xlf:tx_dr_colormixture_ctr.flexformEdit.startvalue.opt.1</label>
                                        <config>
                                                <type>input</type>
                                                <eval>int</eval>
                                                <size>3</size>
                                                <placeholder>0 ... 255</placeholder>
                                                <default>120</default>
                                                <range>
                                                    <lower> 0 </lower>
                                                    <upper> 255 </upper>
                                                </range>                                              
                                        </config>
                                </TCEforms>
                            </settings.startvalue.1>
                            <settings.startvalue.2>
                                <TCEforms>
                                        <label>LLL:EXT:dr_colormixture/Resources/Private/Language/locallang.xlf:tx_dr_colormixture_ctr.flexformEdit.startvalue.opt.2</label>
                                        <config>
                                                <type>input</type>
                                                <eval>int</eval>
                                                <size>3</size>
                                                <placeholder>0 ... 255</placeholder>
                                                <default>160</default>
                                                <range>
                                                    <lower> 0 </lower>
                                                    <upper> 255 </upper>
                                                </range>                                              
                                        </config>
                                </TCEforms>
                            </settings.startvalue.2>
                            <settings.startvalue.3>
                                <TCEforms>
                                        <label>LLL:EXT:dr_colormixture/Resources/Private/Language/locallang.xlf:tx_dr_colormixture_ctr.flexformEdit.startvalue.opt.3</label>
                                        <config>
                                                 <type>input</type>
                                                <eval>int</eval>
                                                <size>3</size>
                                                <placeholder>0 ... 255</placeholder>
                                                <default>180</default>
                                                <range>
                                                    <lower> 0 </lower>
                                                    <upper> 255 </upper>
                                                </range>                                              
                                        </config>
                                </TCEforms>
                            </settings.startvalue.3>

                            <settings.percent>
                                <TCEforms>
                                        <label>LLL:EXT:dr_colormixture/Resources/Private/Language/locallang.xlf:tx_dr_colormixture_ctr.flexformEdit.percent.description</label>
                                        <config>
                                                <type>check</type>
                                                <value>1</value>
                                        </config>
                                </TCEforms>
                            </settings.percent>
                            
                            <settings.labels>
                                <TCEforms>
                                        <label>LLL:EXT:dr_colormixture/Resources/Private/Language/locallang.xlf:tx_dr_colormixture_ctr.flexformEdit.labels</label>
                                        <config>
                                                <type>check</type>
                                                <value>1</value>
                                        </config>
                                </TCEforms>
                            </settings.labels>
                            <settings.userchoise>
                                <TCEforms>
                                        <label>LLL:EXT:dr_colormixture/Resources/Private/Language/locallang.xlf:tx_dr_colormixture_ctr.flexformEdit.userchoise</label>
                                        <config>
                                                <type>check</type>
                                                <value>1</value>
                                        </config>
                                </TCEforms>
                            </settings.userchoise>

                        </el>
                    </ROOT>
                </colors>
        </sheets>
</T3DataStructure>
