<T3DataStructure>
        <meta>
                <langDisable>1</langDisable>
        </meta>
        <sheets>
                <position>
                    <ROOT>
                        <TCEforms>
                                <sheetTitle>LLL:EXT:dr_colormixture/Resources/Private/Language/locallang.xlf:tx_dr_colormixture_ctr.flexformEdit.sheet.position</sheetTitle>
                                <sheetDescription>LLL:EXT:dr_colormixture/Resources/Private/Language/locallang.xlf:tx_dr_colormixture_ctr.flexformEdit.sheet_description.position</sheetDescription>
                        </TCEforms>
                        <type>array</type>
                        <el>
                            <settings.target>
                                <TCEforms>
                                        <label>LLL:EXT:dr_colormixture/Resources/Private/Language/locallang.xlf:tx_dr_colormixture_ctr.flexformEdit.target</label>
                                        <onChange>reload</onChange>
                                        <config>
                                            <type>group</type>
                                            <internal_type>db</internal_type>
                                            <allowed>tt_content</allowed>
                                            <size>1</size>
                                            <maxitems>1</maxitems>
                                            <minitems>0</minitems>
                                            <show_thumbs>0</show_thumbs>
                                        </config>
                                </TCEforms>
                            </settings.target>
                            <settings.fullsize>
                                <TCEforms>
                                        <label>LLL:EXT:dr_colormixture/Resources/Private/Language/locallang.xlf:tx_dr_colormixture_ctr.flexformEdit.fullsize</label>
                                        <displayCond>
                                            <AND>
                                                <numIndex index="0">FIELD:settings.target:REQ:true</numIndex>
                                            </AND>
                                        </displayCond>
                                        <onChange>reload</onChange>
                                        <config>
                                                <type>check</type>
                                                <value>1</value>
                                                <default>1</default>
                                        </config>
                                </TCEforms>
                            </settings.fullsize>
                            <settings.size>
                                <TCEforms>
                                        <label>LLL:EXT:dr_colormixture/Resources/Private/Language/locallang.xlf:tx_dr_colormixture_ctr.flexformEdit.size</label>
										<displayCond>
                                                <OR>
                                                    <numIndex index="0">FIELD:settings.target:REQ:false</numIndex>
                                                    <AND>
                                                        <numIndex index="0">FIELD:settings.target:REQ:true</numIndex>
                                                        <numIndex index="1">FIELD:settings.fullsize:REQ:false</numIndex>
                                                    </AND>
                                                </OR>
                                        </displayCond>
                                        <config>
                                                <type>input</type>
                                                <eval>int</eval>
                                                <size>3</size>
                                                <placeholder>10 ... 1500</placeholder>
                                                <range>
                                                    <lower> 10 </lower>
                                                    <upper> 1500 </upper>
                                                </range>                                              
                                                <default>300</default>
                                        </config>
                                </TCEforms>
                            </settings.size>
                        </el>
                    </ROOT>
                </position>
                <colororder>
                    <ROOT>
                        <TCEforms>
                                <sheetTitle>LLL:EXT:dr_colormixture/Resources/Private/Language/locallang.xlf:tx_dr_colormixture_ctr.flexformEdit.sheet.colororder</sheetTitle>
                                <sheetDescription>LLL:EXT:dr_colormixture/Resources/Private/Language/locallang.xlf:tx_dr_colormixture_ctr.flexformEdit.sheet_description.colororder</sheetDescription>
                        </TCEforms>
                        <type>array</type>
                        <el>
                            <settings.order_clockwhise>
                                <TCEforms>
                                        <label>LLL:EXT:dr_colormixture/Resources/Private/Language/locallang.xlf:tx_dr_colormixture_ctr.flexformEdit.order_clockwhise</label>
                                        <config>
                                                <type>check</type>
                                                <value>1</value>
                                        </config>
                                </TCEforms>
                            </settings.order_clockwhise>
                            <settings.turnimage>
                                <TCEforms>
                                        <label>LLL:EXT:dr_colormixture/Resources/Private/Language/locallang.xlf:tx_dr_colormixture_ctr.flexformEdit.turnimage.sellabel</label>
                                        <config>
                                                <type>select</type>
                                                <default>0</default>
                                                <items type="array">
                                                        <numIndex index="0" type="array">
                                                                <numIndex index="0">LLL:EXT:dr_colormixture/Resources/Private/Language/locallang.xlf:tx_dr_colormixture_ctr.flexformEdit.turnimage.selopt.0</numIndex>
                                                                <numIndex index="1">0</numIndex>
                                                        </numIndex>
                                                        <numIndex index="2" type="array">
                                                                <numIndex index="0">LLL:EXT:dr_colormixture/Resources/Private/Language/locallang.xlf:tx_dr_colormixture_ctr.flexformEdit.turnimage.selopt.2</numIndex>
                                                                <numIndex index="1">60</numIndex>
                                                        </numIndex>
                                                        <numIndex index="4" type="array">
                                                                <numIndex index="0">LLL:EXT:dr_colormixture/Resources/Private/Language/locallang.xlf:tx_dr_colormixture_ctr.flexformEdit.turnimage.selopt.4</numIndex>
                                                                <numIndex index="1">120</numIndex>
                                                        </numIndex>
                                                        <numIndex index="6" type="array">
                                                                <numIndex index="0">LLL:EXT:dr_colormixture/Resources/Private/Language/locallang.xlf:tx_dr_colormixture_ctr.flexformEdit.turnimage.selopt.6</numIndex>
                                                                <numIndex index="1">180</numIndex>
                                                        </numIndex>
                                                        <numIndex index="8" type="array">
                                                                <numIndex index="0">LLL:EXT:dr_colormixture/Resources/Private/Language/locallang.xlf:tx_dr_colormixture_ctr.flexformEdit.turnimage.selopt.8</numIndex>
                                                                <numIndex index="1">240</numIndex>
                                                        </numIndex>
                                                        <numIndex index="10" type="array">
                                                                <numIndex index="0">LLL:EXT:dr_colormixture/Resources/Private/Language/locallang.xlf:tx_dr_colormixture_ctr.flexformEdit.turnimage.selopt.10</numIndex>
                                                                <numIndex index="1">300</numIndex>
                                                        </numIndex>
                                                </items>
                                        </config>
                                </TCEforms>
                            </settings.turnimage>
                            <settings.order>
                                <TCEforms>
                                        <label>LLL:EXT:dr_colormixture/Resources/Private/Language/locallang.xlf:tx_dr_colormixture_ctr.flexformEdit.order.label</label>
                                        <config>
                                                <type>select</type>
                                                <default>0</default>
                                                <items type="array">
                                                        <numIndex index="0" type="array">
                                                                <numIndex index="0">LLL:EXT:dr_colormixture/Resources/Private/Language/locallang.xlf:tx_dr_colormixture_ctr.flexformEdit.order.opt.0</numIndex>
                                                                <numIndex index="1">0</numIndex>
                                                        </numIndex>
                                                        <numIndex index="1" type="array">
                                                                <numIndex index="0">LLL:EXT:dr_colormixture/Resources/Private/Language/locallang.xlf:tx_dr_colormixture_ctr.flexformEdit.order.opt.60</numIndex>
                                                                <numIndex index="1">60</numIndex>
                                                        </numIndex>
                                                        <numIndex index="2" type="array">
                                                                <numIndex index="0">LLL:EXT:dr_colormixture/Resources/Private/Language/locallang.xlf:tx_dr_colormixture_ctr.flexformEdit.order.opt.120</numIndex>
                                                                <numIndex index="1">120</numIndex>
                                                        </numIndex>
                                                        <numIndex index="3" type="array">
                                                                <numIndex index="0">LLL:EXT:dr_colormixture/Resources/Private/Language/locallang.xlf:tx_dr_colormixture_ctr.flexformEdit.order.opt.180</numIndex>
                                                                <numIndex index="1">180</numIndex>
                                                        </numIndex>
                                                        <numIndex index="4" type="array">
                                                                <numIndex index="0">LLL:EXT:dr_colormixture/Resources/Private/Language/locallang.xlf:tx_dr_colormixture_ctr.flexformEdit.order.opt.240</numIndex>
                                                                <numIndex index="1">240</numIndex>
                                                        </numIndex>
                                                        <numIndex index="5" type="array">
                                                                <numIndex index="0">LLL:EXT:dr_colormixture/Resources/Private/Language/locallang.xlf:tx_dr_colormixture_ctr.flexformEdit.order.opt.300</numIndex>
                                                                <numIndex index="1">300</numIndex>
                                                        </numIndex>
                                                </items>
                                        </config>
                                </TCEforms>
                            </settings.order>
                        </el>
                    </ROOT>
                </colororder>
                <colors>
                    <ROOT>
                        <TCEforms>
                                <sheetTitle>LLL:EXT:dr_colormixture/Resources/Private/Language/locallang.xlf:tx_dr_colormixture_ctr.flexformEdit.sheet.colors</sheetTitle>
                                <sheetDescription>LLL:EXT:dr_colormixture/Resources/Private/Language/locallang.xlf:tx_dr_colormixture_ctr.flexformEdit.sheet_description.colors</sheetDescription>
                        </TCEforms>
                        <type>array</type>
                        <el>
                            <settings.startcolors>
                                <TCEforms>
                                        <label>LLL:EXT:dr_colormixture/Resources/Private/Language/locallang.xlf:tx_dr_colormixture_ctr.flexformEdit.startcolors.label</label>
                                        <config>
                                                <type>select</type>
                                                <default>0</default>
                                                <items type="array">
                                                        <numIndex index="0" type="array">
                                                                <numIndex index="0">LLL:EXT:dr_colormixture/Resources/Private/Language/locallang.xlf:tx_dr_colormixture_ctr.flexformEdit.startcolors.opt.0</numIndex>
                                                                <numIndex index="1">0</numIndex>
                                                        </numIndex>
                                                        <numIndex index="1" type="array">
                                                                <numIndex index="0">LLL:EXT:dr_colormixture/Resources/Private/Language/locallang.xlf:tx_dr_colormixture_ctr.flexformEdit.startcolors.opt.1</numIndex>
                                                                <numIndex index="1">1</numIndex>
                                                        </numIndex>
                                                </items>
                                        </config>
                                </TCEforms>
                            </settings.startcolors>
                            
                            <settings.startvalue.1>
                                <TCEforms>
                                        <label>LLL:EXT:dr_colormixture/Resources/Private/Language/locallang.xlf:tx_dr_colormixture_ctr.flexformEdit.startvalue.opt.1</label>
                                        <config>
                                                <type>input</type>
                                                <eval>int</eval>
                                                <size>3</size>
                                                <placeholder>0 ... 255</placeholder>
                                                <default>120</default>
                                                <range>
                                                    <lower> 0 </lower>
                                                    <upper> 255 </upper>
                                                </range>                                              
                                        </config>
                                </TCEforms>
                            </settings.startvalue.1>
                            <settings.startvalue.2>
                                <TCEforms>
                                        <label>LLL:EXT:dr_colormixture/Resources/Private/Language/locallang.xlf:tx_dr_colormixture_ctr.flexformEdit.startvalue.opt.2</label>
                                        <config>
                                                <type>input</type>
                                                <eval>int</eval>
                                                <size>3</size>
                                                <placeholder>0 ... 255</placeholder>
                                                <default>160</default>
                                                <range>
                                                    <lower> 0 </lower>
                                                    <upper> 255 </upper>
                                                </range>                                              
                                        </config>
                                </TCEforms>
                            </settings.startvalue.2>
                            <settings.startvalue.3>
                                <TCEforms>
                                        <label>LLL:EXT:dr_colormixture/Resources/Private/Language/locallang.xlf:tx_dr_colormixture_ctr.flexformEdit.startvalue.opt.3</label>
                                        <config>
                                                 <type>input</type>
                                                <eval>int</eval>
                                                <size>3</size>
                                                <placeholder>0 ... 255</placeholder>
                                                <default>180</default>
                                                <range>
                                                    <lower> 0 </lower>
                                                    <upper> 255 </upper>
                                                </range>                                              
                                        </config>
                                </TCEforms>
                            </settings.startvalue.3>

                        </el>
                    </ROOT>
                </colors>
                <useroptions>
                    <ROOT>
                        <TCEforms>
                                <sheetTitle>LLL:EXT:dr_colormixture/Resources/Private/Language/locallang.xlf:tx_dr_colormixture_ctr.flexformEdit.sheet.useroptions</sheetTitle>
                                <sheetDescription>LLL:EXT:dr_colormixture/Resources/Private/Language/locallang.xlf:tx_dr_colormixture_ctr.flexformEdit.sheet_description.useroptions</sheetDescription>
                        </TCEforms>
                        <type>array</type>
                        <el>

                            <settings.percent>
                                <TCEforms>
                                        <label>LLL:EXT:dr_colormixture/Resources/Private/Language/locallang.xlf:tx_dr_colormixture_ctr.flexformEdit.percent.description</label>
                                        <config>
                                                <type>check</type>
                                                <value>1</value>
                                                <default>1</default>
                                        </config>
                                </TCEforms>
                            </settings.percent>
                            
                            <settings.labels>
                                <TCEforms>
                                        <label>LLL:EXT:dr_colormixture/Resources/Private/Language/locallang.xlf:tx_dr_colormixture_ctr.flexformEdit.labels</label>
                                        <config>
                                                <type>check</type>
                                                <value>1</value>
                                                <default>1</default>
                                        </config>
                                </TCEforms>
                            </settings.labels>
                            <settings.background>
                                <TCEforms>
                                        <label>LLL:EXT:dr_colormixture/Resources/Private/Language/locallang.xlf:tx_dr_colormixture_ctr.flexformEdit.background</label>
                                        <config>
                                                <type>select</type>
                                                <default>0</default>
                                                <items type="array">
                                                        <numIndex index="0" type="array">
                                                                <numIndex index="0">Standard</numIndex>
                                                                <numIndex index="1">0</numIndex>
                                                        </numIndex>
                                                        <numIndex index="1" type="array">
                                                                <numIndex index="0">Weiss</numIndex>
                                                                <numIndex index="1">white</numIndex>
                                                        </numIndex>
                                                        <numIndex index="2" type="array">
                                                                <numIndex index="0">Schwarz</numIndex>
                                                                <numIndex index="1">black</numIndex>
                                                        </numIndex>
                                                </items>
                                        </config>
                                </TCEforms>
                            </settings.background>
                            <settings.hideme>
                                <TCEforms>
                                        <label>LLL:EXT:dr_colormixture/Resources/Private/Language/locallang.xlf:tx_dr_colormixture_ctr.flexformEdit.hideme</label>
                                        <onChange>reload</onChange>
                                        <config>
                                                <type>check</type>
                                                <value>1</value>
                                        </config>
                                </TCEforms>
                            </settings.hideme>
                            <settings.userchoise>
                                <TCEforms>
                                        <label>LLL:EXT:dr_colormixture/Resources/Private/Language/locallang.xlf:tx_dr_colormixture_ctr.flexformEdit.userchoise</label>
										<displayCond>FIELD:settings.hideme:REQ:false</displayCond>
                                        <config>
                                                <type>check</type>
                                                <value>1</value>
                                                <default>1</default>
                                        </config>
                                </TCEforms>
                            </settings.userchoise>
                        </el>
                    </ROOT>
                </useroptions>
        </sheets>
</T3DataStructure>
